<?xml version="1.0" encoding="UTF-8"?>
<latido>
  <name>Melodies from Eyes and Ears Anthology by Benjamin Crowell</name>
  <shortname>eyesears</shortname>
  <imageextension>gif</imageextension>
  <midiextension>midi</midiextension>
  <progress>
    <exercise countin="4" name="intro1" tempo="120"/>
    <exercise countin="4" name="intro2" tempo="96"/>
    <exercise countin="4" name="intro3" tempo="108"/>
    <exercise countin="4" name="001" rhythm="true" tempo="120"/>
    <exercise countin="4" name="002" rhythm="true" tempo="160"/>
    <exercise countin="3" name="003" rhythm="true" tempo="152"/>
    <exercise countin="4" name="004" rhythm="true" tempo="168"/>
    <exercise countin="3" name="005" rhythm="true" tempo="126"/>
    <exercise countin="3" name="006" rhythm="true" tempo="144"/>
    <exercise countin="3" name="007" rhythm="true" tempo="160"/>
    <exercise countin="3" name="008" rhythm="true" tempo="116"/>
    <exercise countin="2" name="009" rhythm="true" tempo="136"/>
    <exercise countin="4" name="010" rhythm="true" tempo="132"/>
    <exercise countin="4" name="011" rhythm="true" tempo="116"/>
    <exercise countin="4" name="027" tempo="80"/>
    <exercise countin="4" name="028" tempo="120"/>
    <exercise countin="2" name="029" tempo="132"/>
    <exercise countin="4" name="030" tempo="108"/>
    <exercise countin="3" name="031" tempo="116"/>
    <exercise countin="4" name="012" rhythm="true" tempo="152"/>
    <exercise countin="4" name="013" rhythm="true" tempo="126"/>
    <exercise countin="2" name="014" rhythm="true" tempo="100"/>
    <exercise countin="3" name="015" rhythm="true" tempo="108"/>
    <exercise countin="3" name="016" rhythm="true" tempo="160"/>
    <exercise countin="2" name="017" rhythm="true" tempo="108"/>
    <exercise countin="4" name="018" rhythm="true" tempo="096"/>
    <exercise countin="3" name="019" rhythm="true" tempo="138"/>
    <exercise countin="4" name="020" rhythm="true" tempo="104"/>
    <exercise countin="2.5" name="032a" rhythm="true" tempo="072"/>
    <exercise countin="2.5" name="032" tempo="072"/>
    <exercise countin="4" name="033" tempo="108"/>
    <exercise countin="4" name="034" tempo="112"/>
    <exercise countin="1.666666" name="035" tempo="52"/>
    <exercise countin="3" name="036" tempo="80"/>
    <exercise countin="4" name="037" tempo="72"/>
    <exercise countin="4" name="038" tempo="78"/>
    <exercise countin="3" name="039" tempo="88"/>
    <exercise countin="5" name="040" tempo="100"/>
    <exercise countin="4" name="041" tempo="104"/>
    <exercise countin="4" name="042" tempo="96"/>
    <exercise countin="2" name="021" rhythm="true" tempo="52"/>
    <exercise countin="1.66666" name="022" rhythm="true" tempo="60"/>
    <exercise countin="2" name="023" rhythm="true" tempo="60"/>
    <exercise countin="4" name="024" rhythm="true" tempo="58"/>
    <exercise countin="2" name="043" tempo="48"/>
    <exercise countin="4" name="044" tempo="100"/>
    <exercise countin="2" name="045" tempo="112"/>
    <exercise countin="3" name="052" tempo="76"/>
    <exercise countin="3" name="053" tempo="66"/>
    <exercise countin="4" name="054" tempo="88"/>
    <exercise countin="4" name="055" tempo="100"/>
    <exercise countin="4" name="056" tempo="100"/>
    <exercise countin="2.5" name="057" tempo="66"/>
    <exercise countin="3" name="058" tempo="72"/>
    <exercise countin="3" name="059" tempo="112"/>
    <exercise countin="4" name="060" tempo="100"/>
    <exercise countin="2" name="061" tempo="40"/>
    <exercise countin="4" name="062" tempo="78"/>
    <exercise countin="1.66666" name="063" tempo="48"/>
    <exercise countin="2" name="064" tempo="66"/>
    <exercise countin="4" name="065" tempo="66"/>
    <exercise countin="2" name="066" tempo="69"/>
    <exercise countin="2.5" name="067" tempo="78"/>
    <exercise countin="4" name="068" tempo="56"/>
    <exercise countin="4" name="069" tempo="108"/>
    <exercise countin="3" name="070" tempo="108"/>
    <exercise countin="3" name="071" tempo="92"/>
    <exercise countin="2" name="072" tempo="152"/>
    <exercise countin="3" name="073" tempo="116"/>
    <exercise countin="3" name="074" tempo="104"/>
    <exercise countin="2.5" name="075" tempo="56"/>
    <exercise countin="3" name="076" tempo="72"/>
    <exercise countin="2" name="077" tempo="76"/>
    <exercise countin="2" name="078" tempo="72"/>
    <exercise countin="4" name="079" tempo="84"/>
    <exercise countin="4" name="080" tempo="138"/>
    <exercise countin="3" name="081" tempo="116"/>
    <exercise countin="3" name="082" tempo="140"/>
    <exercise countin="2" name="083" tempo="72"/>
    <exercise countin="1.5" name="084" tempo="80"/>
    <exercise countin="2" name="085" tempo="48"/>
    <exercise countin="4" name="086" tempo="69"/>
    <exercise countin="2" name="087" tempo="116"/>
    <exercise countin="2" name="088" tempo="82"/>
    <exercise countin="3" name="089" tempo="88"/>
    <exercise countin="3" name="090" tempo="52"/>
    <exercise countin="4" name="091" tempo="78"/>
    <exercise countin="2" name="092" tempo="88"/>
    <exercise countin="2" name="093" tempo="60"/>
    <exercise countin="2" name="094" tempo="60"/>
    <exercise countin="2" name="095" tempo="60"/>
    <exercise countin="2" name="096" tempo="60"/>
    <exercise countin="2" name="097" tempo="60"/>
    <exercise countin="3" name="098" tempo="60"/>
    <exercise countin="3.5" name="099" tempo="60"/>
    <exercise countin="4" name="100" tempo="60"/>
    <exercise countin="3" name="101" tempo="60"/>
    <exercise countin="4" name="102" tempo="60"/>
    <exercise countin="3" name="103" tempo="60"/>
    <exercise countin="2" name="104" tempo="60"/>
    <exercise countin="1.5" name="105" tempo="60"/>
    <exercise countin="2" name="106" tempo="60"/>
    <exercise countin="3" name="107" tempo="60"/>
    <exercise countin="3" name="108" tempo="60"/>
    <exercise countin="3" name="109" tempo="60"/>
    <exercise countin="3" name="110" tempo="60"/>
    <exercise countin="2" name="111" tempo="60"/>
    <exercise countin="4" name="112" tempo="60"/>
    <exercise countin="1.5" name="113" tempo="60"/>
    <exercise countin="3" name="114" tempo="60"/>
    <exercise countin="2" name="115" tempo="60"/>
    <exercise countin="2" name="116" tempo="60"/>
    <exercise countin="3" name="117" tempo="60"/>
    <exercise countin="3" name="118" tempo="60"/>
    <exercise countin="3" name="119" tempo="60"/>
    <exercise countin="3" name="120" tempo="60"/>
    <exercise countin="3" name="121" tempo="60"/>
    <exercise countin="3" name="122" tempo="60"/>
    <exercise countin="3" name="123" tempo="60"/>
    <exercise countin="4" name="124" tempo="60"/>
    <exercise countin="2" name="125" tempo="60"/>
    <exercise countin="3.5" name="126" tempo="60"/>
    <exercise countin="4" name="127" tempo="60"/>
    <exercise countin="2" name="128" tempo="60"/>
    <exercise countin="3" name="129" tempo="60"/>
    <exercise countin="3" name="130" tempo="60"/>
    <exercise countin="2" name="131" tempo="60"/>
    <exercise countin="2" name="133" tempo="60"/>
    <exercise countin="3" name="134" tempo="60"/>
    <exercise countin="3" name="135" tempo="60"/>
    <exercise countin="1.5" name="136" tempo="60"/>
    <exercise countin="1.5" name="137" tempo="60"/>
    <exercise countin="2" name="138" tempo="60"/>
    <exercise countin="2" name="139" tempo="60"/>
    <exercise countin="1.666666" name="140" tempo="60"/>
    <exercise countin="4" name="141" tempo="60"/>
    <exercise countin="3" name="142" tempo="60"/>
    <exercise countin="3" name="143" tempo="60"/>
    <exercise countin="2" name="144" tempo="60"/>
    <exercise countin="1.666666" name="145" tempo="60"/>
    <exercise countin="2" name="146" tempo="60"/>
    <exercise countin="2" name="147" tempo="60"/>
    <exercise countin="1.666666" name="148" tempo="60"/>
    <exercise countin="3" name="149" tempo="60"/>
    <exercise countin="3" name="150" tempo="60"/>
    <exercise countin="4" name="151" tempo="60"/>
    <exercise countin="2" name="152" tempo="60"/>
    <exercise countin="2" name="153" tempo="60"/>
    <exercise countin="3" name="154" tempo="60"/>
    <exercise countin="3" name="155" tempo="60"/>
    <exercise countin="1.666666" name="156" tempo="60"/>
    <exercise countin="3" name="157" tempo="60"/>
    <exercise countin="2" name="158" tempo="60"/>
    <exercise countin="3" name="159" tempo="60"/>
    <exercise countin="3" name="160" tempo="60"/>
    <exercise countin="2.5" name="161" tempo="60"/>
    <exercise countin="3" name="162" tempo="60"/>
    <exercise countin="1.666666" name="163" tempo="60"/>
    <exercise countin="3" name="164" tempo="60"/>
    <exercise countin="3" name="165" tempo="60"/>
    <exercise countin="2" name="166" tempo="60"/>
    <exercise countin="2" name="167" tempo="60"/>
    <exercise countin="1.5" name="168" tempo="60"/>
    <exercise countin="3" name="169" tempo="60"/>
    <exercise countin="4" name="minor1" tempo="100"/>
    <exercise countin="4" name="minor2" tempo="100"/>
    <exercise countin="4" name="minor3" tempo="100"/>
    <exercise countin="3" name="minor4" tempo="100"/>
    <exercise countin="3" name="minor5" tempo="60"/>
    <exercise countin="4" name="minor6" tempo="60"/>
    <exercise countin="4" name="170" tempo="120"/>
    <exercise countin="2" name="171" tempo="60"/>
    <exercise countin="3" name="172" tempo="60"/>
    <exercise countin="3" name="173" tempo="60"/>
    <exercise countin="3" name="174" tempo="60"/>
    <exercise countin="2" name="175" tempo="60"/>
    <exercise countin="4" name="176" tempo="60"/>
    <exercise countin="4" name="177" tempo="60"/>
    <exercise countin="3" name="178" tempo="60"/>
    <exercise countin="3" name="179" tempo="60"/>
    <exercise countin="2" name="180" tempo="60"/>
    <exercise countin="4" name="182" tempo="60"/>
    <exercise countin="4" name="183" tempo="60"/>
    <exercise countin="3" name="184" tempo="60"/>
    <exercise countin="4" name="185" tempo="60"/>
    <exercise countin="3" name="186" tempo="60"/>
    <exercise countin="4" name="187" tempo="60"/>
    <exercise countin="2" name="188" tempo="60"/>
    <exercise countin="2" name="189" tempo="60"/>
    <exercise countin="2" name="190" tempo="60"/>
    <exercise countin="3" name="191" tempo="60"/>
    <exercise countin="4" name="192" tempo="60"/>
    <exercise countin="1.5" name="193" tempo="60"/>
    <exercise countin="2" name="194" tempo="60"/>
    <exercise countin="3" name="195" tempo="60"/>
    <exercise countin="3" name="196" tempo="60"/>
    <exercise countin="4" name="197" tempo="60"/>
    <exercise countin="3" name="198" tempo="60"/>
    <exercise countin="2" name="199" tempo="60"/>
    <exercise countin="4" name="200" tempo="60"/>
    <exercise countin="2.666666" name="201" tempo="48"/>
    <exercise countin="2" name="202" tempo="60"/>
    <exercise countin="3" name="203" tempo="60"/>
    <exercise countin="3" name="204" tempo="60"/>
    <exercise countin="3" name="205" tempo="60"/>
    <exercise countin="4" name="206" tempo="60"/>
    <exercise countin="2" name="207" tempo="60"/>
    <exercise countin="2" name="208" tempo="60"/>
    <exercise countin="4" name="209" tempo="60"/>
    <exercise countin="2" name="210" tempo="60"/>
    <exercise countin="2" name="211" tempo="60"/>
    <exercise countin="4" name="212" tempo="60"/>
    <exercise countin="2" name="213" tempo="60"/>
    <exercise countin="2" name="214" tempo="60"/>
    <exercise countin="3" name="215" tempo="60"/>
    <exercise countin="3" name="216" tempo="60"/>
    <exercise countin="1.5" name="217" tempo="60"/>
    <exercise countin="2" name="218" tempo="60"/>
    <exercise countin="1.75" name="219" tempo="60"/>
    <exercise countin="3" name="220" tempo="60"/>
    <exercise countin="3" name="221" tempo="60"/>
    <exercise countin="4" name="222" tempo="60"/>
    <exercise countin="3" name="223" tempo="60"/>
    <exercise countin="3" name="224" tempo="60"/>
    <exercise countin="3" name="225" tempo="60"/>
    <exercise countin="4" name="226" tempo="60"/>
    <exercise countin="3" name="227" tempo="60"/>
    <exercise countin="3" name="228" tempo="60"/>
    <exercise countin="3" name="229" tempo="60"/>
    <exercise countin="2" name="230" tempo="60"/>
    <exercise countin="2" name="231" tempo="60"/>
    <exercise countin="3.5" name="232" tempo="60"/>
    <exercise countin="4" name="233" tempo="60"/>
    <exercise countin="3" name="234" tempo="60"/>
    <exercise countin="4" name="235" tempo="60"/>
    <exercise countin="2" name="236" tempo="60"/>
    <exercise countin="2" name="237" tempo="60"/>
    <exercise countin="1.5" name="238" tempo="60"/>
    <exercise countin="2" name="239" tempo="60"/>
    <exercise countin="4" name="240" tempo="60"/>
    <exercise countin="1.5" name="241" tempo="60"/>
    <exercise countin="1.5" name="242" tempo="60"/>
    <exercise countin="3" name="243" tempo="60"/>
    <exercise countin="2" name="244" tempo="60"/>
    <exercise countin="2" name="245" tempo="60"/>
    <exercise countin="3" name="246" tempo="60"/>
    <exercise countin="2" name="247" tempo="60"/>
    <exercise countin="1.5" name="248" tempo="60"/>
    <exercise countin="1.666666" name="249" tempo="60"/>
    <exercise countin="4" name="250" tempo="60"/>
    <exercise countin="2" name="251" tempo="60"/>
    <exercise countin="3" name="252" tempo="60"/>
    <exercise countin="3" name="253" tempo="60"/>
    <exercise countin="4" name="254" tempo="60"/>
    <exercise countin="1.666666" name="255" tempo="60"/>
    <exercise countin="2" name="256" tempo="60"/>
    <exercise countin="3" name="257" tempo="60"/>
    <exercise countin="4" name="258" tempo="60"/>
    <exercise countin="2" name="259" tempo="60"/>
    <exercise countin="4" name="260" tempo="60"/>
    <exercise countin="1.666666" name="261" tempo="60"/>
    <exercise countin="2" name="262" tempo="60"/>
    <exercise countin="3" name="263" tempo="60"/>
    <exercise countin="2" name="264" tempo="60"/>
    <exercise countin="3" name="265" tempo="60"/>
    <exercise countin="4" name="266" tempo="60"/>
    <exercise countin="4" name="267" tempo="60"/>
    <exercise countin="2" name="268" tempo="60"/>
    <exercise countin="1.666666" name="269" tempo="60"/>
    <exercise countin="3.666666" name="270" tempo="60"/>
    <exercise countin="1.666666" name="271" tempo="60"/>
    <exercise countin="2" name="272" tempo="60"/>
    <exercise countin="3" name="273" tempo="60"/>
    <exercise countin="3" name="274" tempo="60"/>
    <exercise countin="2" name="275" tempo="60"/>
    <exercise countin="3" name="276" tempo="60"/>
    <exercise countin="4" name="277" tempo="60"/>
    <exercise countin="1.666666" name="278" tempo="60"/>
    <exercise countin="2" name="279" tempo="60"/>
    <exercise countin="2" name="280" tempo="60"/>
    <exercise countin="2" name="281" tempo="60"/>
    <exercise countin="3" name="282" tempo="60"/>
    <exercise countin="1.5" name="283" tempo="60"/>
    <exercise countin="3" name="284" tempo="60"/>
    <exercise countin="2" name="285" tempo="60"/>
    <exercise countin="2" name="286" tempo="60"/>
    <exercise countin="2" name="287" tempo="60"/>
    <exercise countin="2" name="288" tempo="60"/>
    <exercise countin="3" name="289" tempo="60"/>
    <exercise countin="2.5" name="290" tempo="60"/>
    <exercise countin="4" name="291" tempo="60"/>
    <exercise countin="3" name="292" tempo="60"/>
    <exercise countin="2" name="293" tempo="60"/>
    <exercise countin="3" name="294" tempo="60"/>
    <exercise countin="2" name="295" tempo="60"/>
    <exercise countin="4" name="296" tempo="60"/>
    <exercise countin="4" name="297" tempo="60"/>
    <exercise countin="2" name="298" tempo="60"/>
    <exercise countin="4" name="299" tempo="60"/>
    <exercise countin="3" name="300" tempo="60"/>
    <exercise countin="4" name="301" tempo="60"/>
    <exercise countin="3" name="302" tempo="60"/>
    <exercise countin="2" name="303" tempo="60"/>
    <exercise countin="3" name="304" tempo="60"/>
    <exercise countin="2" name="305" tempo="60"/>
    <exercise countin="1.333333" name="306" tempo="60"/>
    <exercise countin="3" name="307" tempo="60"/>
    <exercise countin="4" name="308" tempo="60"/>
    <exercise countin="3" name="309" tempo="60"/>
    <exercise countin="1.5" name="310" tempo="60"/>
    <exercise countin="3" name="311" tempo="60"/>
    <exercise countin="4" name="312" tempo="60"/>
    <exercise countin="4" name="313" tempo="60"/>
    <exercise countin="2" name="314" tempo="60"/>
    <exercise countin="4" name="315" tempo="60"/>
    <exercise countin="1.75" name="316" tempo="60"/>
    <exercise countin="2" name="317" tempo="60"/>
    <exercise countin="3" name="318" tempo="60"/>
    <exercise countin="2" name="319" tempo="60"/>
    <exercise countin="2" name="320" tempo="60"/>
    <exercise countin="3.5" name="321" tempo="60"/>
    <exercise countin="4" name="322" tempo="60"/>
    <exercise countin="1.5" name="323" tempo="60"/>
    <exercise countin="2.5" name="324" tempo="60"/>
    <exercise countin="4" name="325" tempo="60"/>
    <exercise countin="2" name="326" tempo="60"/>
    <exercise countin="3" name="327" tempo="60"/>
    <exercise countin="3" name="328" tempo="60"/>
    <exercise countin="1.5" name="329" tempo="60"/>
    <exercise countin="2" name="330" tempo="60"/>
    <exercise countin="3" name="331" tempo="60"/>
    <exercise countin="2" name="332" tempo="60"/>
    <exercise countin="1.333333" name="333" tempo="60"/>
    <exercise countin="3" name="334" tempo="60"/>
    <exercise countin="3" name="335" tempo="60"/>
    <exercise countin="3" name="336" tempo="60"/>
    <exercise countin="3" name="337" tempo="60"/>
    <exercise countin="3" name="338" tempo="60"/>
    <exercise countin="2" name="339" tempo="60"/>
    <exercise countin="3" name="340" tempo="60"/>
    <exercise countin="3" name="341" tempo="60"/>
    <exercise countin="3" name="342" tempo="60"/>
    <exercise countin="2" name="343" tempo="60"/>
    <exercise countin="4" name="344" tempo="60"/>
    <exercise countin="3" name="345" tempo="60"/>
    <exercise countin="3" name="346" tempo="60"/>
    <exercise countin="3" name="347" tempo="60"/>
    <exercise countin="3.5" name="348" tempo="60"/>
    <exercise countin="1.666666" name="349" tempo="60"/>
    <exercise countin="1.5" name="350" tempo="60"/>
    <exercise countin="2" name="351" tempo="60"/>
    <exercise countin="3" name="352" tempo="60"/>
    <exercise countin="4" name="353" tempo="60"/>
    <exercise countin="1.5" name="354" tempo="60"/>
    <exercise countin="4" name="355" tempo="60"/>
    <exercise countin="3" name="356" tempo="60"/>
    <exercise countin="4.5" name="357" tempo="40"/>
    <exercise countin="4" name="358" tempo="60"/>
    <exercise countin="2" name="359" tempo="60"/>
    <exercise countin="3" name="360" tempo="60"/>
    <exercise countin="2" name="361" tempo="60"/>
    <exercise countin="4" name="362" tempo="60"/>
    <exercise countin="3" name="363" tempo="60"/>
    <exercise countin="3" name="364" tempo="60"/>
    <exercise countin="3" name="365" tempo="60"/>
    <exercise countin="2" name="366" tempo="60"/>
    <exercise countin="4" name="367" tempo="60"/>
    <exercise countin="3" name="368" tempo="60"/>
    <exercise countin="2" name="369" tempo="60"/>
    <exercise countin="3" name="370" tempo="60"/>
    <exercise countin="2" name="371" tempo="60"/>
    <exercise countin="2.5" name="372" tempo="60"/>
    <exercise countin="2" name="373" tempo="60"/>
    <exercise countin="2" name="374" tempo="60"/>
    <exercise countin="3" name="375" tempo="60"/>
    <exercise countin="2" name="376" tempo="60"/>
    <exercise countin="3" name="377" tempo="60"/>
    <exercise countin="3" name="378" tempo="60"/>
    <exercise countin="3" name="379" tempo="60"/>
    <exercise countin="2" name="380" tempo="60"/>
    <exercise countin="2" name="381" tempo="60"/>
    <exercise countin="3" name="382" tempo="60"/>
    <exercise countin="4" name="383" tempo="60"/>
    <exercise countin="3" name="384" tempo="60"/>
    <exercise countin="2.5" name="385" tempo="60"/>
    <exercise countin="2" name="386" tempo="60"/>
    <exercise countin="2" name="387" tempo="60"/>
    <exercise countin="3" name="388" tempo="60"/>
    <exercise countin="2" name="389" tempo="60"/>
    <exercise countin="3" name="390" tempo="60"/>
    <exercise countin="4" name="391" tempo="60"/>
    <exercise countin="3" name="392" tempo="60"/>
    <exercise countin="3" name="393" tempo="60"/>
    <exercise countin="4" name="394" tempo="60"/>
    <exercise countin="2.5" name="395" tempo="60"/>
    <exercise countin="3" name="396" tempo="60"/>
    <exercise countin="4" name="397" tempo="60"/>
    <exercise countin="2" name="399" tempo="60"/>
    <exercise countin="1.5" name="400" tempo="60"/>
    <exercise countin="2" name="401" tempo="60"/>
    <exercise countin="4" name="402" tempo="60"/>
    <exercise countin="3" name="403" tempo="60"/>
    <exercise countin="3" name="404" tempo="60"/>
    <exercise countin="1.666666" name="405" tempo="60"/>
    <exercise countin="2" name="406" tempo="60"/>
    <exercise countin="3" name="407" tempo="60"/>
    <exercise countin="3" name="408" tempo="60"/>
    <exercise countin="1.5" name="409" tempo="60"/>
    <exercise countin="3" name="410" tempo="60"/>
    <exercise countin="3" name="411" tempo="60"/>
    <exercise countin="4" name="412" tempo="120"/>
    <exercise countin="2" name="413" tempo="132"/>
    <exercise countin="2" name="414" tempo="88"/>
    <exercise countin="2" name="415" tempo="60"/>
    <exercise countin="1.666666" name="416" tempo="60"/>
    <exercise countin="1.666666" name="417" tempo="60"/>
    <exercise countin="2" name="418" tempo="60"/>
    <exercise countin="2" name="419" tempo="60"/>
    <exercise countin="1.666666" name="420" tempo="60"/>
    <exercise countin="4" name="421" tempo="60"/>
    <exercise countin="1.5" name="422" tempo="60"/>
    <exercise countin="4" name="423" tempo="60"/>
    <exercise countin="1.5" name="424" tempo="60"/>
    <exercise countin="4" name="425" tempo="60"/>
    <exercise countin="1.5" name="426" tempo="60"/>
    <exercise countin="3" name="427" tempo="60"/>
  </progress>
</latido>
